variable,nivel,factor,p_valor,modelo
tramo_edad,18-20,1.3111018687792715,0.00014496562004967173,severidad
tramo_edad,21-25,0.9904597129991863,0.8390523875132625,severidad
tramo_edad,26-30,0.967645707801627,0.4101262273062938,severidad
tramo_edad,31-40,1.0048242621205095,0.8669707357968341,severidad
tramo_edad,41-50,1.0,,severidad
tramo_edad,51-60,1.0152332233410384,0.5991235727432138,severidad
tramo_edad,61-70,0.9840720556994221,0.6664595629283584,severidad
tramo_edad,71+,1.113142908287874,0.013293655233475265,severidad
tramo_antig,0,1.0854974588463668,0.09569523237186353,severidad
tramo_antig,1-2,1.0580460405651115,0.05116572466354555,severidad
tramo_antig,3-5,1.0517470946909364,0.06638307882308273,severidad
tramo_antig,6-10,1.0,,severidad
tramo_antig,11-15,0.9523246868223856,0.0706185148236997,severidad
tramo_antig,16+,0.9285008573100353,0.07669726072835129,severidad
tramo_bm,50,1.0,,severidad
tramo_bm,51-59,1.0368950811867206,0.26144923834692113,severidad
tramo_bm,60-69,1.006671729303197,0.8281496345124809,severidad
tramo_bm,70-79,1.1358700817144742,0.0008225885798549775,severidad
tramo_bm,80-99,1.071162305423961,0.04752386005304447,severidad
tramo_bm,100-124,1.1260859428677847,0.00558773115369718,severidad
tramo_bm,125+,1.089808608837954,0.26734587289448597,severidad
VehGas,Diesel,0.9966132636858853,0.8626748919058602,severidad
VehGas,Regular,1.0,,severidad
Area,A,1.021172889890683,0.5205849292937246,severidad
Area,B,1.016763316991058,0.6390052972816018,severidad
Area,C,1.0,,severidad
Area,D,1.0600629372516497,0.029232232924458788,severidad
Area,E,1.0734213013250322,0.009265373587738249,severidad
Area,F,0.8743248743500417,0.023727898860640896,severidad
