nivel,exposicion,siniestros,frecuencia,variable,nombre
18-20,2584.5428385358186,617,0.23872693878409054,tramo_edad,Edad del conductor
21-25,13640.860424432967,1786,0.13093015722094684,tramo_edad,Edad del conductor
26-30,29166.923819148138,2379,0.08156499515516896,tramo_edad,Edad del conductor
31-40,83894.55901115353,5800,0.06913439999403188,tramo_edad,Edad del conductor
41-50,88094.7102028595,6660,0.07560045301997964,tramo_edad,Edad del conductor
51-60,75697.31601018041,5195,0.06862858914708855,tramo_edad,Edad del conductor
61-70,38317.97853132719,2358,0.0615376930197974,tramo_edad,Edad del conductor
71+,26946.60462534621,1610,0.05974778724016384,tramo_edad,Edad del conductor
0,16696.328728946777,1181,0.07073411282041156,tramo_antig,Antigüedad del vehículo
1-2,62436.69661875889,4566,0.07313007009131488,tramo_antig,Antigüedad del vehículo
3-5,72019.11377648027,5344,0.07420252374370682,tramo_antig,Antigüedad del vehículo
6-10,98968.61636050603,8008,0.0809145393205238,tramo_antig,Antigüedad del vehículo
11-15,77952.01540684183,5642,0.07237785925807895,tramo_antig,Antigüedad del vehículo
16+,30270.72457144996,1664,0.054970603563596655,tramo_antig,Antigüedad del vehículo
50,225142.01090276218,11553,0.05131427916840313,tramo_bm,Bonus-Malus
51-59,39807.362987499066,3034,0.07621705564753899,tramo_bm,Bonus-Malus
60-69,34142.41362751703,3580,0.1048549185495985,tramo_bm,Bonus-Malus
70-79,19633.70385882177,2170,0.1105242299468106,tramo_bm,Bonus-Malus
80-99,29806.77172692567,3492,0.1171545859441576,tramo_bm,Bonus-Malus
100-124,8820.104578935548,2124,0.24081347119994514,tramo_bm,Bonus-Malus
125+,991.1277805224942,452,0.456046141458893,tramo_bm,Bonus-Malus
4-5,128194.99612470993,9080,0.07082959767920151,tramo_potencia,Potencia del vehículo
6,82493.82017216858,6305,0.07642996756412979,tramo_potencia,Potencia del vehículo
7,77917.72670035182,5592,0.07176800757426038,tramo_potencia,Potencia del vehículo
8-9,38010.83996107493,2865,0.07537323571207341,tramo_potencia,Potencia del vehículo
10+,31726.112504678495,2563,0.08078518915994032,tramo_potencia,Potencia del vehículo
Diesel,170580.63312673103,13449,0.07884247908734289,VehGas,Combustible
Regular,187762.8623362527,12956,0.06900193062032638,VehGas,Combustible
A,61953.58771240362,3364,0.05429871173266208,Area,Zona (A rural – F urbana)
B,43000.25393068344,2633,0.06123219654108102,Area,Zona (A rural – F urbana)
C,104396.68378471442,7093,0.06794277119594239,Area,Zona (A rural – F urbana)
D,77084.5316917434,6420,0.08328519171230371,Area,Zona (A rural – F urbana)
E,63783.484269780674,6121,0.0959652811394,Area,Zona (A rural – F urbana)
F,8124.954073658208,774,0.0952620769278406,Area,Zona (A rural – F urbana)
B1,95310.47957781272,6860,0.07197529621492889,VehBrand,Marca (anonimizada)
B2,94818.5071008309,6804,0.0717581430887175,VehBrand,Marca (anonimizada)
B3,28574.716331312226,2429,0.08500521831386643,VehBrand,Marca (anonimizada)
B4,13770.056079796392,1099,0.07981085869450215,VehBrand,Marca (anonimizada)
B5,19982.602694812485,1662,0.08317234873670674,VehBrand,Marca (anonimizada)
B6,15675.093599071786,1252,0.07987193135957658,VehBrand,Marca (anonimizada)
B10,9489.844123063103,765,0.0806124937437935,VehBrand,Marca (anonimizada)
B11,6883.077278987948,664,0.0964684795893547,VehBrand,Marca (anonimizada)
B12,64801.16871846695,4200,0.06481364585023433,VehBrand,Marca (anonimizada)
B13,6767.442215734711,539,0.07964604392879669,VehBrand,Marca (anonimizada)
B14,2270.507743094543,131,0.057696345849697996,VehBrand,Marca (anonimizada)
Corse,1765.9353993562393,132,0.07474792115731967,Region,Región
Alsace,1208.6358230406468,92,0.07611887571605265,Region,Región
Centre,102701.39338573246,6475,0.06304685639152705,Region,Región
Auvergne,2322.274228609926,141,0.06071634360098816,Region,Región
Bretagne,27751.77367467625,1871,0.0674191142495265,Region,Región
Limousin,2395.734542256157,197,0.0822294776509243,Region,Región
Lorraine,8112.4879721536045,468,0.057688837457315956,Region,Región
Picardie,3572.840220824912,314,0.08788526231030347,Region,Región
Aquitaine,14316.166692117673,1055,0.07369291114645037,Region,Región
Bourgogne,5022.728609177334,345,0.06868776452895134,Region,Región
Rhone-Alpes,45328.71728572498,4233,0.09338450883835324,Region,Región
Franche-Comte,563.772946328318,38,0.06740302146011522,Region,Región
Ile-de-France,30196.65195448761,2591,0.08580421445083232,Region,Región
Midi-Pyrenees,7014.428554532525,369,0.052605853367992846,Region,Región
Basse-Normandie,6652.55114230107,452,0.06794385948059865,Region,Región
Haute-Normandie,3176.8821813009954,220,0.06925028611224912,Region,Región
Pays-de-la-Loire,21927.44116475784,1576,0.07187341140985361,Region,Región
Poitou-Charentes,11163.008715472715,800,0.07166526698945812,Region,Región
Champagne-Ardenne,1203.3915090949922,77,0.06398582624029621,Region,Región
Nord-Pas-de-Calais,11487.074269032113,944,0.08217932415958344,Region,Región
Languedoc-Roussillon,14710.624176959353,1030,0.07001742329963448,Region,Región
Provence-Alpes-Cotes-D'Azur,35748.98101504604,2985,0.08349888347149455,Region,Región
