decil,observada,glm,gbm
1,0.035879323291595516,0.03301338811623587,0.038495682180734014
2,0.038911901955172856,0.04150247686702598,0.0448701501176978
3,0.050650555095650696,0.047163449136896664,0.049058812453078346
4,0.05326105550365556,0.05231672193702957,0.05251292309611826
5,0.05372024290666803,0.05816034179939254,0.057816884171433144
6,0.07259490545038433,0.06564328222426404,0.06488672475814262
7,0.0708558641001588,0.0763349438439175,0.07557008631274015
8,0.09789969460309116,0.09243765657753338,0.09260486894434147
9,0.120207740183421,0.11702359738141056,0.11780742052844134
10,0.20164929769155893,0.20028608880099807,0.19253129050545983
